inactive,Willow Group,34 Clinton Street,Batavia,NY,14020,willowgroupltd.com,unknown@willowgroupltd.com,800 724 7300,
inactive,Left Bank,14821 Artesia Boulevard,La Mirada,CA,90638,leftbankart.com,unknown@leftbankart.com,800 888 7004,
inactive,Haute House,3501 San Fernando Road,Los Angeles,CA,90065,haute-house.com,info@haute-house.com,323 256 2800,
inactive,Creative Co-op,6000 Freeport Avenue Suite 101,Memphis,TN,38141,creativecoop.com,unknown@creativecoop.com,866 323 2264,
inactive,Homart,15041 Bake Parkway,Irvine,CA,92618,homart.com,service@homart.com,888 346 6278,
inactive,Lee Furniture,402 W 25th Street ,Newton,NC,28658,leeindustries.com,unkown@leeindustries.com,800 892 7150,
inactive,Global Views,7301 Amassador Row,Dallas,TX,75247,globalviews.com,customerservice@globalviews.com,214 956 0031,
inactive,Imax Corp,PO Box 472188,Tulsa,OK,74147,imaxcorp.com,unknown@imaxcorp.com,800 882 4629,
inactive,Foreside,1050 Piper Drive,Vacaville,CA,95688,foresidehomeandgarden.com,kgoodlow@shoptii.com,855 4SIDE HG,
inactive,Cyan,201 Railhead Road,Ft Worth,TX,76106,cyandesign.biz,info@cyandesign.biz,888 371 3072,
inactive,Mainly Baskets,1500 Marietta Boulevard NW,Atlanta,GA,30318,mainlybaskets.com,customerservice@mainlybaskets.com,404 634 7664,
inactive,Redford House,1164 Sandhill Avenue,Carson,CA,90746,redfordhouse.com,unknown@redforhouse.com,310 639 9696,
inactive,Designs Combine,8655 Younger Creek Drive,Sacramento,CA,95828,shopdci.com,unknown@shopdci.com,916 381 6886,